[{
  "model": "auth.user",
  "pk": 2,
  "fields": {
    "username": "admin",
    "password": "pbkdf2_sha256$1000000$oDxmVLZj0GokihAE8AcCtm$T5UdoKQIyBJc/AKqkZU1HMC/KiHxDLAOT6o8oJ15f2g=",
    "is_superuser": true,
    "is_staff": true,
    "is_active": true,
    "email": "admin@example.com"
  }
},
{"model": "core.category", "pk": 1, "fields": {"name": "Shoes", "slug": "shoes"}}, {"model": "core.category", "pk": 2, "fields": {"name": "Shirts", "slug": "Shirts"}}, {"model": "core.category", "pk": 3, "fields": {"name": "Trousers", "slug": "Trousers"}}, {"model": "core.category", "pk": 4, "fields": {"name": "Shorts", "slug": "Shorts"}}, {"model": "core.category", "pk": 5, "fields": {"name": "Kitchen equipments", "slug": "kitchen_equipments"}}, {"model": "core.category", "pk": 6, "fields": {"name": "Jerseys", "slug": "jerseys"}}, {"model": "core.category", "pk": 7, "fields": {"name": "Balls", "slug": "balls"}}, {"model": "core.category", "pk": 8, "fields": {"name": "sports equipments and facilities", "slug": "sports_equipments_and_facilities"}}, {"model": "core.category", "pk": 9, "fields": {"name": "home designs and ornaments", "slug": "home_designs_and_ornaments"}}, {"model": "core.category", "pk": 10, "fields": {"name": "Electronic Gadgets", "slug": "electronic_gadgets"}}, {"model": "core.category", "pk": 11, "fields": {"name": "Games", "slug": "games"}}, {"model": "core.category", "pk": 12, "fields": {"name": "dishes candies and pastries", "slug": "dishes_candies_and_pastries"}}, {"model": "core.product", "pk": 1, "fields": {"category": 1, "name": "Ice tray's 2", "slug": "ice-trays-2", "description": "Tray youngs new Shoes. tight comfortable, good hops and ankle guard", "price": "79.99", "available": true, "created": "2025-06-06T20:01:27.288Z", "image": "products/tray_young_2.jpeg", "updated": "2025-06-10T21:54:16.053Z"}}, {"model": "core.product", "pk": 2, "fields": {"category": 1, "name": "Nike jordans", "slug": "nike_jordans", "description": "Micheal jordans glow up green shoes", "price": "78.99", "available": true, "created": "2025-06-12T13:43:39.236Z", "image": "products/Nike_jordans.jpg", "updated": "2025-06-12T13:43:39.241Z"}}, {"model": "core.product", "pk": 3, "fields": {"category": 1, "name": "Curry 3", "slug": "curry_3", "description": "Stephen currys, confortable shoes, go bury them threes", "price": "54.98", "available": true, "created": "2025-06-12T13:45:06.390Z", "image": "products/Curry_3.jpeg", "updated": "2025-06-12T13:45:06.393Z"}}, {"model": "core.product", "pk": 4, "fields": {"category": 1, "name": "KD IO", "slug": "kd_io", "description": "Kevin durants confortable black and white shoe", "price": "45.98", "available": true, "created": "2025-06-12T13:46:08.297Z", "image": "products/KD_IO.jpeg", "updated": "2025-06-12T13:46:08.299Z"}}, {"model": "core.product", "pk": 5, "fields": {"category": 5, "name": "HV Frying pan set", "slug": "HV_frying_pan_set", "description": "Heavy duty frying pan", "price": "20.00", "available": true, "created": "2025-06-12T15:34:06.445Z", "image": "products/heavy_duty_non_stick_frying_pan.jpeg", "updated": "2025-06-12T15:34:06.448Z"}}, {"model": "core.product", "pk": 6, "fields": {"category": 6, "name": "Black W 22", "slug": "black_w_22", "description": "Black and White chill design football jersey", "price": "8.00", "available": true, "created": "2025-06-12T15:35:47.662Z", "image": "products/Black_W_22.jpeg", "updated": "2025-06-12T15:35:47.665Z"}}, {"model": "core.product", "pk": 7, "fields": {"category": 11, "name": "FIFA25", "slug": "fifa_25", "description": "EA sports and FC, football game", "price": "45.00", "available": true, "created": "2025-06-12T15:37:05.805Z", "image": "products/fifa_25.jpeg", "updated": "2025-06-12T15:37:05.808Z"}}, {"model": "core.product", "pk": 8, "fields": {"category": 2, "name": "Groove shirt", "slug": "groove_shirt", "description": "Chill groove white blue black shirt", "price": "20.00", "available": true, "created": "2025-06-12T15:38:18.185Z", "image": "products/Groove.jpeg", "updated": "2025-06-12T15:38:18.187Z"}}, {"model": "core.product", "pk": 9, "fields": {"category": 10, "name": "NTC", "slug": "NTC", "description": "NTC flat screen tv", "price": "234.98", "available": true, "created": "2025-06-12T15:40:21.394Z", "image": "products/NTC_50.jpeg", "updated": "2025-06-12T15:40:21.397Z"}}, {"model": "core.product", "pk": 10, "fields": {"category": 6, "name": "KObe jersey", "slug": "kobe_jersey", "description": "Kobe the greatest, lakers jersey limited edition", "price": "100.00", "available": true, "created": "2025-06-12T15:41:46.501Z", "image": "products/Kobe_jersey.jpeg", "updated": "2025-06-12T15:41:46.504Z"}}, {"model": "core.product", "pk": 11, "fields": {"category": 6, "name": "LeBron full jersey set", "slug": "LeBron_full_jersey_set", "description": "King james full jersey lakers jersey set, with extra free head band and arm sleeve", "price": "19.99", "available": true, "created": "2025-06-12T15:43:31.087Z", "image": "products/lebron_jerset_full_set.jpeg", "updated": "2025-06-12T15:43:31.090Z"}}, {"model": "core.product", "pk": 12, "fields": {"category": 10, "name": "Iphone16 pro", "slug": "iphone_16_pro", "description": "iphone 16 pro 2025", "price": "1999.00", "available": true, "created": "2025-06-12T15:44:53.765Z", "image": "products/16_pro.jpeg", "updated": "2025-06-12T15:44:53.767Z"}}, {"model": "core.product", "pk": 13, "fields": {"category": 6, "name": "Mj jersey", "slug": "Mj_jersey", "description": "Micheal jordan full chicago bulls jersey set with extra free head band and arm sleeve", "price": "19.99", "available": true, "created": "2025-06-12T15:46:32.026Z", "image": "products/Jordan_jersey_full_set.jpeg", "updated": "2025-06-12T15:46:32.030Z"}}, {"model": "core.product", "pk": 14, "fields": {"category": 9, "name": "Gold love wall painting", "slug": "Gold_love_painting", "description": "Gold love wonderfull wall painting", "price": "122.00", "available": true, "created": "2025-06-12T15:47:49.825Z", "image": "products/gold_love.jpeg", "updated": "2025-06-12T15:47:49.829Z"}}, {"model": "core.product", "pk": 15, "fields": {"category": 11, "name": "NBA 2k25", "slug": "NBA_2k25", "description": "NBA 2k game of basketball, ft National Basketball Association", "price": "49.00", "available": true, "created": "2025-06-12T15:50:13.026Z", "image": "products/nba_2k25.jpeg", "updated": "2025-06-12T15:50:13.029Z"}}, {"model": "core.product", "pk": 16, "fields": {"category": 9, "name": "African pride", "slug": "African_pride", "description": "Afrcian pride nice gold and black wall painting", "price": "67.00", "available": true, "created": "2025-06-12T15:51:18.024Z", "image": "products/africn_pride.jpeg", "updated": "2025-06-12T16:59:43.560Z"}}, {"model": "core.product", "pk": 17, "fields": {"category": 5, "name": "Egg whisk", "slug": "egg_whisk", "description": "Good kitchen egg whisk to make cooking easier and faster", "price": "34.00", "available": true, "created": "2025-06-12T15:52:32.244Z", "image": "products/egg_whisk.jpeg", "updated": "2025-06-12T15:52:32.247Z"}}, {"model": "core.product", "pk": 18, "fields": {"category": 11, "name": "Fortnite", "slug": "Fortnite", "description": "Fortnite game, for PS4", "price": "43.00", "available": true, "created": "2025-06-12T15:53:30.460Z", "image": "products/fortnite.jpeg", "updated": "2025-06-12T15:53:30.462Z"}}, {"model": "core.product", "pk": 19, "fields": {"category": 2, "name": "Black buttoned shirt", "slug": "black_buttoned_shirt", "description": "strechty comfortable black buttoned", "price": "23.00", "available": true, "created": "2025-06-12T15:54:33.800Z", "image": "products/Black_buttoned_shirt_strecth.jpeg", "updated": "2025-06-12T15:54:33.803Z"}}, {"model": "core.product", "pk": 20, "fields": {"category": 1, "name": "Addidas predator", "slug": "addidas_predator", "description": "Addidas comfortbale football shoes to help you run faster and play better", "price": "36.00", "available": true, "created": "2025-06-12T15:55:57.123Z", "image": "products/addida_predator.jpeg", "updated": "2025-06-12T15:55:57.126Z"}}, {"model": "core.product", "pk": 21, "fields": {"category": 9, "name": "Dinning Shandelier", "slug": "Dinning_Shandelier", "description": "Dinning Shandelier", "price": "400.00", "available": true, "created": "2025-06-12T15:57:51.468Z", "image": "products/sh_2M1rd5F.jpeg", "updated": "2025-06-13T18:35:05.428Z"}}, {"model": "core.product", "pk": 22, "fields": {"category": 6, "name": "Energy jersey", "slug": "energy_jersey", "description": "Energy comfortable blue and black jersey", "price": "20.00", "available": true, "created": "2025-06-12T16:01:56.558Z", "image": "products/eNERGY.jpeg", "updated": "2025-06-12T16:01:56.560Z"}}, {"model": "core.product", "pk": 23, "fields": {"category": 6, "name": "Warriors Gold rose jersey", "slug": "Warriors_Gold_rose_jersey", "description": "warriors gold rose downtown lack and gold jersey 2024", "price": "20.00", "available": true, "created": "2025-06-12T16:07:23.515Z", "image": "products/warriors_gold_rose.jpeg", "updated": "2025-06-12T16:07:23.519Z"}}, {"model": "core.product", "pk": 24, "fields": {"category": 3, "name": "Black juggers 2", "slug": "Black_juggers_2", "description": "Black confortable stretchy juggers", "price": "20.00", "available": true, "created": "2025-06-12T16:36:13.691Z", "image": "products/black_juggers_2_set.jpeg", "updated": "2025-06-12T16:36:13.693Z"}}, {"model": "core.product", "pk": 25, "fields": {"category": 10, "name": "Iphone13 pro", "slug": "Iphone_13_pro", "description": "Iphone 13 pro", "price": "500.00", "available": true, "created": "2025-06-12T16:37:46.398Z", "image": "products/13_pro.jpeg", "updated": "2025-06-12T16:37:46.400Z"}}, {"model": "core.product", "pk": 26, "fields": {"category": 3, "name": "Blue skinny jeans", "slug": "Blue_kinny_jeans", "description": "blue tight skinny jeans", "price": "14.90", "available": true, "created": "2025-06-12T16:40:12.235Z", "image": "products/blue_skinny_jeans.jpeg", "updated": "2025-06-12T16:40:12.237Z"}}, {"model": "core.product", "pk": 27, "fields": {"category": 3, "name": "Black skinny jeans", "slug": "Black_skinny_jeans", "description": "Black skinny jeans", "price": "12.99", "available": true, "created": "2025-06-12T16:41:00.986Z", "image": "products/blakck_skinny_jeans.jpeg", "updated": "2025-06-12T16:41:00.987Z"}}, {"model": "core.product", "pk": 28, "fields": {"category": 11, "name": "COD", "slug": "COD", "description": "Call of Duty mobile", "price": "46.00", "available": true, "created": "2025-06-12T16:41:40.461Z", "image": "products/cod.jpeg", "updated": "2025-06-12T16:41:40.464Z"}}, {"model": "core.product", "pk": 29, "fields": {"category": 11, "name": "WWE 2K25", "slug": "WWE_2K25", "description": "World Wide Wrestling of 2025", "price": "38.00", "available": true, "created": "2025-06-12T16:42:45.399Z", "image": "products/2k_25.jpeg", "updated": "2025-06-12T16:42:45.402Z"}}, {"model": "core.product", "pk": 30, "fields": {"category": 5, "name": "Bentism blender", "slug": "Bentism_blender", "description": "Bentism professional blender", "price": "29.00", "available": true, "created": "2025-06-12T16:43:57.935Z", "image": "products/BENTISM_professional.jpeg", "updated": "2025-06-12T16:43:57.938Z"}}, {"model": "core.product", "pk": 31, "fields": {"category": 3, "name": "lymio baggy jeans", "slug": "lymio_baggy_jeans", "description": "lymio baggy jeans", "price": "18.00", "available": true, "created": "2025-06-12T16:49:04.874Z", "image": "products/lymio_baggy_jeans.jpeg", "updated": "2025-06-12T16:49:04.877Z"}}, {"model": "core.product", "pk": 32, "fields": {"category": 3, "name": "Baggy black jeans", "slug": "baggy_black_jeans", "description": "Baggy black jeans", "price": "13.00", "available": true, "created": "2025-06-12T16:50:02.318Z", "image": "products/baggy_black_jeans.jpeg", "updated": "2025-06-12T17:07:56.166Z"}}, {"model": "core.product", "pk": 33, "fields": {"category": 1, "name": "Kobe 4", "slug": "Kobe_4", "description": "Kobe 4", "price": "50.00", "available": true, "created": "2025-06-12T16:51:18.650Z", "image": "products/Kobe_4.jpeg", "updated": "2025-06-12T16:51:18.653Z"}}, {"model": "core.product", "pk": 34, "fields": {"category": 1, "name": "Jordans", "slug": "Jordans", "description": "Micheal jordans special blak and red shoes", "price": "34.97", "available": true, "created": "2025-06-12T16:52:55.588Z", "image": "products/Jordans.jpeg", "updated": "2025-06-12T16:52:55.590Z"}}, {"model": "core.product", "pk": 35, "fields": {"category": 1, "name": "Curry one", "slug": "curry_one", "description": "STeph currys comtable shoes with ankle guard, wear them and bury those threes", "price": "45.00", "available": true, "created": "2025-06-12T16:54:18.982Z", "image": "products/Curry_One.jpeg", "updated": "2025-06-12T16:54:18.984Z"}}, {"model": "core.product", "pk": 36, "fields": {"category": 1, "name": "Curry 6", "slug": "curry_6", "description": "STeph currys comtable shoes with ankle guard, wear them and bury those threes", "price": "47.00", "available": true, "created": "2025-06-12T16:54:53.757Z", "image": "products/Curry_6.jpeg", "updated": "2025-06-12T16:54:53.760Z"}}, {"model": "core.product", "pk": 37, "fields": {"category": 1, "name": "stephs", "slug": "stephs", "description": "STeph currys comtable shoes with ankle guard, wear them and bury those threes", "price": "51.00", "available": true, "created": "2025-06-12T16:55:29.396Z", "image": "products/steph_curry.jpeg", "updated": "2025-06-12T16:55:29.399Z"}}, {"model": "core.product", "pk": 38, "fields": {"category": 1, "name": "LeBron 20", "slug": "LeBron_20", "description": "King james shoes 20", "price": "50.00", "available": true, "created": "2025-06-12T16:56:10.104Z", "image": "products/LeBron_20.jpeg", "updated": "2025-06-12T16:56:10.107Z"}}, {"model": "core.product", "pk": 39, "fields": {"category": 2, "name": "Alone shirt", "slug": "Alone_shirt", "description": "Alone blue upper shirt", "price": "11.00", "available": true, "created": "2025-06-12T16:57:43.107Z", "image": "products/Alone.jpeg", "updated": "2025-06-12T16:57:43.110Z"}}, {"model": "core.product", "pk": 40, "fields": {"category": 11, "name": "MineCraft", "slug": "Minecraft", "description": "Minecraft from Mojang and microsoft, build whatever you can imagine", "price": "37.00", "available": true, "created": "2025-06-12T16:58:38.726Z", "image": "products/minecraft.jpeg", "updated": "2025-06-12T17:10:39.447Z"}}, {"model": "core.product", "pk": 41, "fields": {"category": 10, "name": "Fan", "slug": "Fan", "description": "Nice chill breeze blowing fan, with solar pannel", "price": "37.00", "available": true, "created": "2025-06-12T16:59:22.499Z", "image": "products/fan_bX3WtCe.jpeg", "updated": "2025-06-12T17:09:20.434Z"}}, {"model": "core.product", "pk": 42, "fields": {"category": 11, "name": "Roblox", "slug": "Roblox", "description": "Roblox game, with  more than a 1000games in one", "price": "42.98", "available": true, "created": "2025-06-12T17:14:01.236Z", "image": "products/roblox.jpeg", "updated": "2025-06-12T17:14:01.239Z"}}, {"model": "core.cart", "pk": 1, "fields": {"user": 2, "created_at": "2025-06-10T22:24:20.332Z"}}, {"model": "core.cartitem", "pk": 1, "fields": {"product": 1, "quantity": 7, "session_key": ""}}, {"model": "core.cartitem", "pk": 9, "fields": {"product": 6, "quantity": 1, "session_key": "kqi20hiyl89ezync1qgu45ckv3l4ab9t"}}, {"model": "core.cartitem", "pk": 12, "fields": {"product": 18, "quantity": 3, "session_key": "bz3987rdwfd5x75uf51xww43uosc3beo"}}, {"model": "core.cartitem", "pk": 13, "fields": {"product": 2, "quantity": 3, "session_key": "a7af05gl9jucaumdfvmhmjo101zdqtuc"}}]
